extraction_id,record_id,bib_key,source_location,source_url_or_access_note,verification_date,evidence_object,observation,transformation_model,oracle_or_policy,claim_ceiling,counter_history,evidence_grade,reading_depth,verification_status,inference_limit
X001,W001,repack,linked full text or selected substantive source passages; exact cover-to-cover completeness is not claimed,https://doi.org/10.1109/TSE.2019.2901679,2026-09-13,"review taxonomy, protocol, or cross-cutting framework",The review reports 57 repackaging approaches and a benchmark-centered critique of reproducibility and comparability.,varies across the reviewed corpus; no uniform transformation model is imputed,the review or methodological inclusion/evaluation rules reported by the source,secondary synthesis of Android repackaging through its search cutoff,a reviewed mechanism may support a narrower proposition than the review category suggests,secondary-synthesis,full_or_selected_source,source_grounded_coding; single_extractor,Does not cover the later AI-mediated or end-to-end supply-chain evidence problem.
X002,W002,tpl,linked full text or selected substantive source passages; exact cover-to-cover completeness is not claimed,https://doi.org/10.1109/TSE.2021.3114381,2026-09-13,"review taxonomy, protocol, or cross-cutting framework","The review separates Android TPL tasks such as module decoupling, family identification, and version detection across 74 studies.",varies across the reviewed corpus; no uniform transformation model is imputed,the review or methodological inclusion/evaluation rules reported by the source,secondary synthesis of Android TPL analysis,a reviewed mechanism may support a narrower proposition than the review category suggests,secondary-synthesis,full_or_selected_source,source_grounded_coding; single_extractor,"It structures composition evidence but does not turn a component match into application ancestry, authorization, or exploitability."
X003,W003,staticandroid,linked full text or selected substantive source passages; exact cover-to-cover completeness is not claimed,https://doi.org/10.1016/j.infsof.2017.04.001,2026-09-15,"review taxonomy, protocol, or cross-cutting framework","Systematic review classifies Android static-analysis work by analysis objective and technique and highlights recurring platform obstacles such as lifecycle modeling, reflection, native code, and heterogeneous evaluation.",varies across the reviewed corpus; no uniform transformation model is imputed,the review or methodological inclusion/evaluation rules reported by the source,secondary synthesis or evaluation guidance only,a reviewed mechanism may support a narrower proposition than the review category suggests,secondary-synthesis,full_or_selected_source,source_grounded_coding; single_extractor; traceability_repair_2026_09_15_not_independent,"Does not independently establish detector accuracy, field prevalence, or absence of uncited work."
X004,W004,androidtesting,linked full text or selected substantive source passages; exact cover-to-cover completeness is not claimed,https://doi.org/10.1109/TR.2018.2865733,2026-09-15,"review taxonomy, protocol, or cross-cutting framework","Systematic review organizes Android testing work by purpose, test-generation strategy, oracle, device or environment, and evaluation design, exposing fragmented benchmarks and reporting.",varies across the reviewed corpus; no uniform transformation model is imputed,the review or methodological inclusion/evaluation rules reported by the source,secondary synthesis or evaluation guidance only,a reviewed mechanism may support a narrower proposition than the review category suggests,secondary-synthesis,full_or_selected_source,source_grounded_coding; single_extractor; traceability_repair_2026_09_15_not_independent,"Does not independently establish detector accuracy, field prevalence, or absence of uncited work."
X005,W005,sufatrio,linked full text or selected substantive source passages; exact cover-to-cover completeness is not claimed,https://doi.org/10.1145/2733306,2026-09-15,"review taxonomy, protocol, or cross-cutting framework","The survey taxonomizes Android threats and defenses across application, framework, market, and user or ecosystem layers; it supplies broad security context rather than an artifact-lineage oracle.",varies across the reviewed corpus; no uniform transformation model is imputed,the review or methodological inclusion/evaluation rules reported by the source,secondary synthesis or evaluation guidance only,a reviewed mechanism may support a narrower proposition than the review category suggests,secondary-synthesis,full_or_selected_source,source_grounded_coding; single_extractor; traceability_repair_2026_09_15_not_independent,"Does not independently establish detector accuracy, field prevalence, or absence of uncited work."
X006,W006,xuandroid,linked full text or selected substantive source passages; exact cover-to-cover completeness is not claimed,https://doi.org/10.1145/2963145,2026-09-15,"review taxonomy, protocol, or cross-cutting framework","The survey structures prevention, detection, and response techniques across the Android ecosystem and shows that app vetting, markets, platform controls, and users expose different evidence.",varies across the reviewed corpus; no uniform transformation model is imputed,the review or methodological inclusion/evaluation rules reported by the source,secondary synthesis or evaluation guidance only,a reviewed mechanism may support a narrower proposition than the review category suggests,secondary-synthesis,full_or_selected_source,source_grounded_coding; single_extractor; traceability_repair_2026_09_15_not_independent,"Does not independently establish detector accuracy, field prevalence, or absence of uncited work."
X007,W007,tamandroid,linked full text or selected substantive source passages; exact cover-to-cover completeness is not claimed,https://doi.org/10.1145/3017427,2026-09-15,"review taxonomy, protocol, or cross-cutting framework","The review traces Android malware evolution alongside static, dynamic, and hybrid analysis techniques, emphasizing obfuscation, evasion, dataset drift, and changing platform behavior.",varies across the reviewed corpus; no uniform transformation model is imputed,the review or methodological inclusion/evaluation rules reported by the source,secondary synthesis or evaluation guidance only,a reviewed mechanism may support a narrower proposition than the review category suggests,secondary-synthesis,full_or_selected_source,source_grounded_coding; single_extractor; traceability_repair_2026_09_15_not_independent,"Does not independently establish detector accuracy, field prevalence, or absence of uncited work."
X008,W008,brereton,linked full text or selected substantive source passages; exact cover-to-cover completeness is not claimed,https://doi.org/10.1016/j.jss.2006.07.009,2026-09-15,"review taxonomy, protocol, or cross-cutting framework","The experience report identifies practical problems in software-engineering literature reviews, including search precision, study selection, quality assessment, extraction consistency, and protocol iteration.",varies across the reviewed corpus; no uniform transformation model is imputed,the review or methodological inclusion/evaluation rules reported by the source,secondary synthesis or evaluation guidance only,a reviewed mechanism may support a narrower proposition than the review category suggests,secondary-synthesis,full_or_selected_source,source_grounded_coding; single_extractor; traceability_repair_2026_09_15_not_independent,"Does not independently establish detector accuracy, field prevalence, or absence of uncited work."
X009,W009,wohlin,linked full text or selected substantive source passages; exact cover-to-cover completeness is not claimed,https://doi.org/10.1145/2601248.2601268,2026-09-15,"review taxonomy, protocol, or cross-cutting framework","The method paper specifies start-set construction, backward and forward snowballing, iteration, inclusion decisions, and stopping and reporting rules for literature studies.",varies across the reviewed corpus; no uniform transformation model is imputed,the review or methodological inclusion/evaluation rules reported by the source,secondary synthesis or evaluation guidance only,a reviewed mechanism may support a narrower proposition than the review category suggests,secondary-synthesis,full_or_selected_source,source_grounded_coding; single_extractor; traceability_repair_2026_09_15_not_independent,"Does not independently establish detector accuracy, field prevalence, or absence of uncited work."
X010,W010,kitchenham,linked full text or selected substantive source passages; exact cover-to-cover completeness is not claimed,https://www.inf.ufsc.br/~aldo.vw/kitchenham.pdf,2026-09-15,"review taxonomy, protocol, or cross-cutting framework","The technical guidance lays out protocol design, research questions, search, selection, quality assessment, data extraction, synthesis, and reporting for software-engineering reviews.",varies across the reviewed corpus; no uniform transformation model is imputed,the review or methodological inclusion/evaluation rules reported by the source,secondary synthesis or evaluation guidance only,a reviewed mechanism may support a narrower proposition than the review category suggests,secondary-synthesis,full_or_selected_source,source_grounded_coding; single_extractor; traceability_repair_2026_09_15_not_independent,"Does not independently establish detector accuracy, field prevalence, or absence of uncited work."
X011,W011,blackburn,linked full text or selected substantive source passages; exact cover-to-cover completeness is not claimed,https://doi.org/10.1145/1378704.1378723,2026-09-15,"review taxonomy, protocol, or cross-cutting framework","The evaluation-methodology paper demonstrates that workload choice, metrics, experimental controls, and benchmark design can dominate apparent system comparisons.",varies across the reviewed corpus; no uniform transformation model is imputed,the review or methodological inclusion/evaluation rules reported by the source,secondary synthesis or evaluation guidance only,a reviewed mechanism may support a narrower proposition than the review category suggests,secondary-synthesis,full_or_selected_source,source_grounded_coding; single_extractor; traceability_repair_2026_09_15_not_independent,"Does not independently establish detector accuracy, field prevalence, or absence of uncited work."
X012,W012,astra,linked full text or selected substantive source passages; exact cover-to-cover completeness is not claimed,https://ieeexplore.ieee.org/document/11624354,2026-09-16,"review taxonomy, protocol, or cross-cutting framework","AStRA models supply chains through Artifacts, Steps, Resources, and Principals, then maps attacks and defenses to explicit security objectives across those entities.",varies across the reviewed corpus; no uniform transformation model is imputed,the review or methodological inclusion/evaluation rules reported by the source,secondary synthesis or evaluation guidance only,a reviewed mechanism may support a narrower proposition than the review category suggests,secondary-synthesis,full_or_selected_source,source_grounded_coding; single_extractor; publication_version_recheck_2026_09_16_not_independent,"Does not independently establish detector accuracy, field prevalence, or absence of uncited work."
X013,W013,properties,linked full text or selected substantive source passages; exact cover-to-cover completeness is not claimed,https://doi.org/10.1145/3560835.3564556,2026-09-15,"review taxonomy, protocol, or cross-cutting framework","The SoK decomposes supply-chain compromise into lifecycle attack stages and derives secure-design properties including transparency, validity, and separation.",varies across the reviewed corpus; no uniform transformation model is imputed,the review or methodological inclusion/evaluation rules reported by the source,secondary synthesis or evaluation guidance only,a reviewed mechanism may support a narrower proposition than the review category suggests,secondary-synthesis,full_or_selected_source,source_grounded_coding; single_extractor; traceability_repair_2026_09_15_not_independent,"Does not independently establish detector accuracy, field prevalence, or absence of uncited work."
X014,W014,ladisa,linked full text or selected substantive source passages; exact cover-to-cover completeness is not claimed,https://doi.org/10.1109/SP46215.2023.10179304,2026-09-15,"review taxonomy, protocol, or cross-cutting framework","The SoK builds a taxonomy of open-source supply-chain attacks by entry point, targeted asset, technique, and impact, exposing where mitigations apply.",varies across the reviewed corpus; no uniform transformation model is imputed,the review or methodological inclusion/evaluation rules reported by the source,secondary synthesis or evaluation guidance only,a reviewed mechanism may support a narrower proposition than the review category suggests,secondary-synthesis,full_or_selected_source,source_grounded_coding; single_extractor; traceability_repair_2026_09_15_not_independent,"Does not independently establish detector accuracy, field prevalence, or absence of uncited work."
X015,W015,ohmstuke,linked full text or selected substantive source passages; exact cover-to-cover completeness is not claimed,https://doi.org/10.1145/3600160.3600162,2026-09-15,"review taxonomy, protocol, or cross-cutting framework",The SoK organizes practical supply-chain attack detection by observable data source and attack stage and identifies coverage and evaluation gaps.,varies across the reviewed corpus; no uniform transformation model is imputed,the review or methodological inclusion/evaluation rules reported by the source,secondary synthesis or evaluation guidance only,a reviewed mechanism may support a narrower proposition than the review category suggests,secondary-synthesis,full_or_selected_source,source_grounded_coding; single_extractor; traceability_repair_2026_09_15_not_independent,"Does not independently establish detector accuracy, field prevalence, or absence of uncited work."
X016,W016,droidmoss,linked full text or selected substantive source passages; exact cover-to-cover completeness is not claimed,https://doi.org/10.1145/2133601.2133640,2026-09-13,"APK code, graph, resource, UI, behavior, pair, or benchmark",DroidMOSS localizes code changes with fuzzy hashing across Android market artifacts and reports manually investigated repackaging cases.,"renaming, code/resource rewriting, library reuse, packing, or market variation as addressed by the source","the source study's labeled pairs, market metadata, transformations, or behavioral labels",L2 resemblance and labeled-case evidence,"shared libraries, a common predecessor, a template, a legitimate variant, or independent implementation can preserve similarity without direct derivation",source-reported empirical/system evidence,full_or_selected_source,source_grounded_coding; single_extractor,"Market/order assumptions and manual investigation, not fuzzy similarity alone, carry derivation direction."
X017,W017,attackclones,linked full text or selected substantive source passages; exact cover-to-cover completeness is not claimed,https://doi.org/10.1007/978-3-642-33167-1_3,2026-09-15,"APK code, graph, resource, UI, behavior, pair, or benchmark",DNADroid compares method-level program-dependency graphs between applications and uses structural similarity to surface likely clones for manual confirmation.,"renaming, code/resource rewriting, library reuse, packing, or market variation as addressed by the source","the source study's labeled pairs, market metadata, transformations, or behavioral labels",L2 resemblance unless the source supplies additional direction or behavior evidence,"shared libraries, a common predecessor, a template, a legitimate variant, or independent implementation can preserve similarity without direct derivation",source-reported empirical/system evidence,full_or_selected_source,source_grounded_coding; single_extractor; traceability_repair_2026_09_15_not_independent,No cross-study accuracy ranking; direction and authorization are not inferred from similarity alone.
X018,W018,adrob,"publisher or author abstract, bibliographic record, and any selected accessible passage; no full-text completeness claim",https://doi.org/10.1145/2462456.2464461,2026-09-15,"APK code, graph, resource, UI, behavior, pair, or benchmark",AdRob combines large-scale market collection with code and resource similarity plus manual analysis to characterize Android application plagiarism and monetization changes.,"renaming, code/resource rewriting, library reuse, packing, or market variation as addressed by the source","the source study's labeled pairs, market metadata, transformations, or behavioral labels",L2 resemblance unless the source supplies additional direction or behavior evidence,"shared libraries, a common predecessor, a template, a legitimate variant, or independent implementation can preserve similarity without direct derivation",source-reported empirical/system evidence,publisher_abstract_or_selected_source,source_grounded_coding; single_extractor; traceability_repair_2026_09_15_not_independent,No cross-study accuracy ranking; direction and authorization are not inferred from similarity alone.
X019,W019,appink,"publisher or author abstract, bibliographic record, and any selected accessible passage; no full-text completeness claim",https://doi.org/10.1145/2484313.2484315,2026-09-15,"APK code, graph, resource, UI, behavior, pair, or benchmark",AppInk embeds a watermark intended to survive repackaging transformations.,"renaming, code/resource rewriting, library reuse, packing, or market variation as addressed by the source","the source study's labeled pairs, market metadata, transformations, or behavioral labels",L3 ownership/derivation evidence only when watermark provenance and keys are trusted,"shared libraries, a common predecessor, a template, a legitimate variant, or independent implementation can preserve similarity without direct derivation",source-reported empirical/system evidence,publisher_abstract_or_selected_source,source_grounded_coding; single_extractor; traceability_repair_2026_09_15_not_independent,"A copied, leaked, forged, or independently embedded mark can defeat a stronger ownership inference."
X020,W020,droidmarking,"publisher or author abstract, bibliographic record, and any selected accessible passage; no full-text completeness claim",https://doi.org/10.1145/2642937.2642977,2026-09-13,"APK code, graph, resource, UI, behavior, pair, or benchmark",DroidMarking studies resilient software watermarking under Android transformations.,"renaming, code/resource rewriting, library reuse, packing, or market variation as addressed by the source","the source study's labeled pairs, market metadata, transformations, or behavioral labels",L3 derivation/ownership evidence under watermark assumptions,"shared libraries, a common predecessor, a template, a legitimate variant, or independent implementation can preserve similarity without direct derivation",source-reported empirical/system evidence,publisher_abstract_or_selected_source,source_grounded_coding; single_extractor,The mark does not establish authorization of the distributed release or benign behavior.
X021,W021,codematch,linked full text or selected substantive source passages; exact cover-to-cover completeness is not claimed,https://doi.org/10.1145/3106237.3106305,2026-09-15,"APK code, graph, resource, UI, behavior, pair, or benchmark",CodeMatch removes common-library regions and constructs an abstract representation of remaining application code to compare apps under identifier obfuscation.,"renaming, code/resource rewriting, library reuse, packing, or market variation as addressed by the source","the source study's labeled pairs, market metadata, transformations, or behavioral labels",L2 resemblance unless the source supplies additional direction or behavior evidence,"shared libraries, a common predecessor, a template, a legitimate variant, or independent implementation can preserve similarity without direct derivation",source-reported empirical/system evidence,full_or_selected_source,source_grounded_coding; single_extractor; traceability_repair_2026_09_15_not_independent,No cross-study accuracy ranking; direction and authorization are not inferred from similarity alone.
X022,W022,heterogeneity,"publisher or author abstract, bibliographic record, and any selected accessible passage; no full-text completeness claim",https://doi.org/10.1109/TDSC.2017.2745575,2026-09-15,"APK code, graph, resource, UI, behavior, pair, or benchmark",The method separates carrier and rider code and derives code-heterogeneity features intended to identify malicious payload grafting in repackaged apps.,"renaming, code/resource rewriting, library reuse, packing, or market variation as addressed by the source","the source study's labeled pairs, market metadata, transformations, or behavioral labels",L2 resemblance unless the source supplies additional direction or behavior evidence,"shared libraries, a common predecessor, a template, a legitimate variant, or independent implementation can preserve similarity without direct derivation",source-reported empirical/system evidence,publisher_abstract_or_selected_source,source_grounded_coding; single_extractor; traceability_repair_2026_09_15_not_independent,No cross-study accuracy ranking; direction and authorization are not inferred from similarity alone.
X023,W023,dapasa,linked full text or selected substantive source passages; exact cover-to-cover completeness is not claimed,https://doi.org/10.1109/TIFS.2017.2687880,2026-09-15,"APK code, graph, resource, UI, behavior, pair, or benchmark",DAPASA extracts security-sensitive subgraphs from call relationships and classifies piggybacked applications using graph-derived features against labeled benign and piggybacked corpora.,"renaming, code/resource rewriting, library reuse, packing, or market variation as addressed by the source","the source study's labeled pairs, market metadata, transformations, or behavioral labels",L2 resemblance unless the source supplies additional direction or behavior evidence,"shared libraries, a common predecessor, a template, a legitimate variant, or independent implementation can preserve similarity without direct derivation",source-reported empirical/system evidence,full_or_selected_source,source_grounded_coding; single_extractor; traceability_repair_2026_09_15_not_independent,No cross-study accuracy ranking; direction and authorization are not inferred from similarity alone.
X024,W024,appraiser,"publisher or author abstract, bibliographic record, and any selected accessible passage; no full-text completeness claim",https://doi.org/10.1587/transinf.2016ICP0012,2026-09-15,"APK code, graph, resource, UI, behavior, pair, or benchmark",APPraiser performs large-scale clone analysis by combining app metadata and similarity evidence to identify and characterize clone groups.,"renaming, code/resource rewriting, library reuse, packing, or market variation as addressed by the source","the source study's labeled pairs, market metadata, transformations, or behavioral labels",L2 resemblance unless the source supplies additional direction or behavior evidence,"shared libraries, a common predecessor, a template, a legitimate variant, or independent implementation can preserve similarity without direct derivation",source-reported empirical/system evidence,publisher_abstract_or_selected_source,source_grounded_coding; single_extractor; traceability_repair_2026_09_15_not_independent,No cross-study accuracy ranking; direction and authorization are not inferred from similarity alone.
X025,W025,repdroid,"publisher or author abstract, bibliographic record, and any selected accessible passage; no full-text completeness claim",https://doi.org/10.1109/ICPC.2017.16,2026-09-15,"APK code, graph, resource, UI, behavior, pair, or benchmark",RepDroid automates pairwise repackaging analysis by locating comparable application regions and reporting suspicious similarities and differences for analyst inspection.,"renaming, code/resource rewriting, library reuse, packing, or market variation as addressed by the source","the source study's labeled pairs, market metadata, transformations, or behavioral labels",L2 resemblance unless the source supplies additional direction or behavior evidence,"shared libraries, a common predecessor, a template, a legitimate variant, or independent implementation can preserve similarity without direct derivation",source-reported empirical/system evidence,publisher_abstract_or_selected_source,source_grounded_coding; single_extractor; traceability_repair_2026_09_15_not_independent,No cross-study accuracy ranking; direction and authorization are not inferred from similarity alone.
X026,W026,simidroid,linked full text or selected substantive source passages; exact cover-to-cover completeness is not claimed,https://doi.org/10.1109/Trustcom/BigDataSE/ICESS.2017.230,2026-09-15,"APK code, graph, resource, UI, behavior, pair, or benchmark",SimiDroid performs multi-level comparison of app structure and code to identify and explain similarities among versions and repackaged variants.,"renaming, code/resource rewriting, library reuse, packing, or market variation as addressed by the source","the source study's labeled pairs, market metadata, transformations, or behavioral labels",L2 resemblance unless the source supplies additional direction or behavior evidence,"shared libraries, a common predecessor, a template, a legitimate variant, or independent implementation can preserve similarity without direct derivation",source-reported empirical/system evidence,full_or_selected_source,source_grounded_coding; single_extractor; traceability_repair_2026_09_15_not_independent,No cross-study accuracy ranking; direction and authorization are not inferred from similarity alone.
X027,W027,similarapps,"publisher or author abstract, bibliographic record, and any selected accessible passage; no full-text completeness claim",https://doi.org/10.1109/ICPC.2016.7503721,2026-09-15,"APK code, graph, resource, UI, behavior, pair, or benchmark","The approach derives Android representations for candidate retrieval and similarity comparison, supporting clone and reuse analysis rather than provenance direction.","renaming, code/resource rewriting, library reuse, packing, or market variation as addressed by the source","the source study's labeled pairs, market metadata, transformations, or behavioral labels",L2 resemblance unless the source supplies additional direction or behavior evidence,"shared libraries, a common predecessor, a template, a legitimate variant, or independent implementation can preserve similarity without direct derivation",source-reported empirical/system evidence,publisher_abstract_or_selected_source,source_grounded_coding; single_extractor; traceability_repair_2026_09_15_not_independent,No cross-study accuracy ranking; direction and authorization are not inferred from similarity alone.
X028,W028,resourceeval,linked full text or selected substantive source passages; exact cover-to-cover completeness is not claimed,https://doi.org/10.1007/978-3-319-47560-8_9,2026-09-15,"APK code, graph, resource, UI, behavior, pair, or benchmark","The study evaluates repackaging detection based on packaged resources and visual similarity, including how resource transformations alter candidate matching.","renaming, code/resource rewriting, library reuse, packing, or market variation as addressed by the source","the source study's labeled pairs, market metadata, transformations, or behavioral labels",L2 resemblance unless the source supplies additional direction or behavior evidence,"shared libraries, a common predecessor, a template, a legitimate variant, or independent implementation can preserve similarity without direct derivation",source-reported empirical/system evidence,full_or_selected_source,source_grounded_coding; single_extractor; traceability_repair_2026_09_15_not_independent,No cross-study accuracy ranking; direction and authorization are not inferred from similarity alone.
X029,W029,semanticsrepack,"publisher or author abstract, bibliographic record, and any selected accessible passage; no full-text completeness claim",https://doi.org/10.1007/978-3-319-30806-7_6,2026-09-15,"APK code, graph, resource, UI, behavior, pair, or benchmark",The approach represents application behavior with semantic program features and compares them to detect repackaging beyond raw byte or identifier equality.,"renaming, code/resource rewriting, library reuse, packing, or market variation as addressed by the source","the source study's labeled pairs, market metadata, transformations, or behavioral labels",L2 resemblance unless the source supplies additional direction or behavior evidence,"shared libraries, a common predecessor, a template, a legitimate variant, or independent implementation can preserve similarity without direct derivation",source-reported empirical/system evidence,publisher_abstract_or_selected_source,source_grounded_coding; single_extractor; traceability_repair_2026_09_15_not_independent,No cross-study accuracy ranking; direction and authorization are not inferred from similarity alone.
X030,W030,androsimilar,"publisher or author abstract, bibliographic record, and any selected accessible passage; no full-text completeness claim",https://doi.org/10.1016/j.jisa.2014.10.011,2026-09-15,"APK code, graph, resource, UI, behavior, pair, or benchmark",AndroSimilar derives statistical code signatures over Android binaries to identify malware variants while tolerating selected syntactic transformations.,"renaming, code/resource rewriting, library reuse, packing, or market variation as addressed by the source","the source study's labeled pairs, market metadata, transformations, or behavioral labels",L2 resemblance unless the source supplies additional direction or behavior evidence,"shared libraries, a common predecessor, a template, a legitimate variant, or independent implementation can preserve similarity without direct derivation",source-reported empirical/system evidence,publisher_abstract_or_selected_source,source_grounded_coding; single_extractor; traceability_repair_2026_09_15_not_independent,No cross-study accuracy ranking; direction and authorization are not inferred from similarity alone.
X031,W031,droideagle,"publisher or author abstract, bibliographic record, and any selected accessible passage; no full-text completeness claim",https://doi.org/10.1145/2766498.2766508,2026-09-15,"APK code, graph, resource, UI, behavior, pair, or benchmark",DroidEagle compares visual and resource-derived app evidence and includes a lightweight user-facing check for visually similar applications.,"renaming, code/resource rewriting, library reuse, packing, or market variation as addressed by the source","the source study's labeled pairs, market metadata, transformations, or behavioral labels",L2 resemblance unless the source supplies additional direction or behavior evidence,"shared libraries, a common predecessor, a template, a legitimate variant, or independent implementation can preserve similarity without direct derivation",source-reported empirical/system evidence,publisher_abstract_or_selected_source,source_grounded_coding; single_extractor; traceability_repair_2026_09_15_not_independent,No cross-study accuracy ranking; direction and authorization are not inferred from similarity alone.
X032,W032,massvet,linked full text or selected substantive source passages; exact cover-to-cover completeness is not claimed,https://www.usenix.org/conference/usenixsecurity15/technical-sessions/presentation/chen-kai,2026-09-15,"APK code, graph, resource, UI, behavior, pair, or benchmark",MassVet extracts common and differential program structure across app populations to rapidly surface unknown malicious payloads at market scale.,"renaming, code/resource rewriting, library reuse, packing, or market variation as addressed by the source","the source study's labeled pairs, market metadata, transformations, or behavioral labels",L2 resemblance unless the source supplies additional direction or behavior evidence,"shared libraries, a common predecessor, a template, a legitimate variant, or independent implementation can preserve similarity without direct derivation",source-reported empirical/system evidence,full_or_selected_source,source_grounded_coding; single_extractor; traceability_repair_2026_09_15_not_independent,No cross-study accuracy ranking; direction and authorization are not inferred from similarity alone.
X033,W033,wukong,"publisher or author abstract, bibliographic record, and any selected accessible passage; no full-text completeness claim",https://doi.org/10.1145/2771783.2771795,2026-09-15,"APK code, graph, resource, UI, behavior, pair, or benchmark",WuKong uses a coarse candidate-retrieval phase followed by finer code comparison to scale Android clone detection across large app collections.,"renaming, code/resource rewriting, library reuse, packing, or market variation as addressed by the source","the source study's labeled pairs, market metadata, transformations, or behavioral labels",L2 resemblance unless the source supplies additional direction or behavior evidence,"shared libraries, a common predecessor, a template, a legitimate variant, or independent implementation can preserve similarity without direct derivation",source-reported empirical/system evidence,publisher_abstract_or_selected_source,source_grounded_coding; single_extractor; traceability_repair_2026_09_15_not_independent,No cross-study accuracy ranking; direction and authorization are not inferred from similarity alone.
X034,W034,andarwin,linked full text or selected substantive source passages; exact cover-to-cover completeness is not claimed,https://doi.org/10.1109/TMC.2014.2381212,2026-09-15,"APK code, graph, resource, UI, behavior, pair, or benchmark","AnDarwin decomposes applications into semantic code components, clusters related components, and detects clone relationships at market scale.","renaming, code/resource rewriting, library reuse, packing, or market variation as addressed by the source","the source study's labeled pairs, market metadata, transformations, or behavioral labels",L2 resemblance unless the source supplies additional direction or behavior evidence,"shared libraries, a common predecessor, a template, a legitimate variant, or independent implementation can preserve similarity without direct derivation",source-reported empirical/system evidence,full_or_selected_source,source_grounded_coding; single_extractor; traceability_repair_2026_09_15_not_independent,No cross-study accuracy ranking; direction and authorization are not inferred from similarity alone.
X035,W035,accuracyclone,"publisher or author abstract, bibliographic record, and any selected accessible passage; no full-text completeness claim",https://doi.org/10.1145/2568225.2568286,2026-09-15,"APK code, graph, resource, UI, behavior, pair, or benchmark",The system combines scalable indexing with finer-grained program similarity to pursue clone-detection accuracy without exhaustive all-pairs comparison.,"renaming, code/resource rewriting, library reuse, packing, or market variation as addressed by the source","the source study's labeled pairs, market metadata, transformations, or behavioral labels",L2 resemblance unless the source supplies additional direction or behavior evidence,"shared libraries, a common predecessor, a template, a legitimate variant, or independent implementation can preserve similarity without direct derivation",source-reported empirical/system evidence,publisher_abstract_or_selected_source,source_grounded_coding; single_extractor; traceability_repair_2026_09_15_not_independent,No cross-study accuracy ranking; direction and authorization are not inferred from similarity alone.
X036,W036,fsquadra,linked full text or selected substantive source passages; exact cover-to-cover completeness is not claimed,https://doi.org/10.1007/978-3-662-43936-4_9,2026-09-15,"APK code, graph, resource, UI, behavior, pair, or benchmark",FSquaDRA fingerprints packaged resources and performs fast similarity search to identify candidate repackaged applications without relying on code alone.,"renaming, code/resource rewriting, library reuse, packing, or market variation as addressed by the source","the source study's labeled pairs, market metadata, transformations, or behavioral labels",L2 resemblance unless the source supplies additional direction or behavior evidence,"shared libraries, a common predecessor, a template, a legitimate variant, or independent implementation can preserve similarity without direct derivation",source-reported empirical/system evidence,full_or_selected_source,source_grounded_coding; single_extractor; traceability_repair_2026_09_15_not_independent,No cross-study accuracy ranking; direction and authorization are not inferred from similarity alone.
X037,W037,resourcedriven,"publisher or author abstract, bibliographic record, and any selected accessible passage; no full-text completeness claim",https://doi.org/10.1145/2664243.2664275,2026-09-15,"APK code, graph, resource, UI, behavior, pair, or benchmark",The approach indexes resource-derived features for scalable candidate retrieval and evaluates resilience to selected resource changes.,"renaming, code/resource rewriting, library reuse, packing, or market variation as addressed by the source","the source study's labeled pairs, market metadata, transformations, or behavioral labels",L2 resemblance unless the source supplies additional direction or behavior evidence,"shared libraries, a common predecessor, a template, a legitimate variant, or independent implementation can preserve similarity without direct derivation",source-reported empirical/system evidence,publisher_abstract_or_selected_source,source_grounded_coding; single_extractor; traceability_repair_2026_09_15_not_independent,No cross-study accuracy ranking; direction and authorization are not inferred from similarity alone.
X038,W038,viewdroid,linked full text or selected substantive source passages; exact cover-to-cover completeness is not claimed,https://doi.org/10.1145/2627393.2627395,2026-09-15,"APK code, graph, resource, UI, behavior, pair, or benchmark",ViewDroid models user-interface views and transitions so repackaging can be detected from visual and structural behavior despite code obfuscation.,"renaming, code/resource rewriting, library reuse, packing, or market variation as addressed by the source","the source study's labeled pairs, market metadata, transformations, or behavioral labels",L2 resemblance unless the source supplies additional direction or behavior evidence,"shared libraries, a common predecessor, a template, a legitimate variant, or independent implementation can preserve similarity without direct derivation",source-reported empirical/system evidence,full_or_selected_source,source_grounded_coding; single_extractor; traceability_repair_2026_09_15_not_independent,No cross-study accuracy ranking; direction and authorization are not inferred from similarity alone.
X039,W039,droidkin,"publisher or author abstract, bibliographic record, and any selected accessible passage; no full-text completeness claim",https://doi.org/10.1007/978-3-319-23829-6_30,2026-09-15,"APK code, graph, resource, UI, behavior, pair, or benchmark",DroidKin combines binary and metadata characteristics to estimate app similarity under several obfuscation levels and expose relationships among samples.,"renaming, code/resource rewriting, library reuse, packing, or market variation as addressed by the source","the source study's labeled pairs, market metadata, transformations, or behavioral labels",L2 resemblance unless the source supplies additional direction or behavior evidence,"shared libraries, a common predecessor, a template, a legitimate variant, or independent implementation can preserve similarity without direct derivation",source-reported empirical/system evidence,publisher_abstract_or_selected_source,source_grounded_coding; single_extractor; traceability_repair_2026_09_15_not_independent,No cross-study accuracy ranking; direction and authorization are not inferred from similarity alone.
X040,W040,juxtapp,"publisher or author abstract, bibliographic record, and any selected accessible passage; no full-text completeness claim",https://doi.org/10.1007/978-3-642-37300-8_4,2026-09-15,"APK code, graph, resource, UI, behavior, pair, or benchmark","Juxtapp uses feature hashing over application code to search large corpora for code reuse, producing similarity evidence rather than provenance direction.","renaming, code/resource rewriting, library reuse, packing, or market variation as addressed by the source","the source study's labeled pairs, market metadata, transformations, or behavioral labels",L2 resemblance unless the source supplies additional direction or behavior evidence,"shared libraries, a common predecessor, a template, a legitimate variant, or independent implementation can preserve similarity without direct derivation",source-reported empirical/system evidence,publisher_abstract_or_selected_source,source_grounded_coding; single_extractor; traceability_repair_2026_09_15_not_independent,No cross-study accuracy ranking; direction and authorization are not inferred from similarity alone.
X041,W041,plagiarizing,"publisher or author abstract, bibliographic record, and any selected accessible passage; no full-text completeness claim",https://doi.org/10.1007/978-3-642-28166-2_11,2026-09-15,"APK code, graph, resource, UI, behavior, pair, or benchmark",The study examines practical app-plagiarism transformations and evaluates defenses based on code and resource evidence under those attacks.,"renaming, code/resource rewriting, library reuse, packing, or market variation as addressed by the source","the source study's labeled pairs, market metadata, transformations, or behavioral labels",L2 resemblance unless the source supplies additional direction or behavior evidence,"shared libraries, a common predecessor, a template, a legitimate variant, or independent implementation can preserve similarity without direct derivation",source-reported empirical/system evidence,publisher_abstract_or_selected_source,source_grounded_coding; single_extractor; traceability_repair_2026_09_15_not_independent,No cross-study accuracy ranking; direction and authorization are not inferred from similarity alone.
X042,W042,reuseandroid,"publisher or author abstract, bibliographic record, and any selected accessible passage; no full-text completeness claim",https://doi.org/10.1109/ICPC.2012.6240477,2026-09-15,"APK code, graph, resource, UI, behavior, pair, or benchmark",The empirical study measures code reuse in Android market apps and separates reuse patterns whose prevalence can confound clone or malware inference.,"renaming, code/resource rewriting, library reuse, packing, or market variation as addressed by the source","the source study's labeled pairs, market metadata, transformations, or behavioral labels",L2 resemblance unless the source supplies additional direction or behavior evidence,"shared libraries, a common predecessor, a template, a legitimate variant, or independent implementation can preserve similarity without direct derivation",source-reported empirical/system evidence,publisher_abstract_or_selected_source,source_grounded_coding; single_extractor; traceability_repair_2026_09_15_not_independent,No cross-study accuracy ranking; direction and authorization are not inferred from similarity alone.
X043,W043,piggybacking,linked full text or selected substantive source passages; exact cover-to-cover completeness is not claimed,https://doi.org/10.1109/TIFS.2017.2656460,2026-09-15,"APK code, graph, resource, UI, behavior, pair, or benchmark",The study constructs and analyzes piggybacked and carrier pairs to characterize where malicious code is grafted and how pair construction supplies direction.,"renaming, code/resource rewriting, library reuse, packing, or market variation as addressed by the source","the source study's labeled pairs, market metadata, transformations, or behavioral labels",L2 resemblance unless the source supplies additional direction or behavior evidence,"shared libraries, a common predecessor, a template, a legitimate variant, or independent implementation can preserve similarity without direct derivation",source-reported empirical/system evidence,full_or_selected_source,source_grounded_coding; single_extractor; traceability_repair_2026_09_15_not_independent,No cross-study accuracy ranking; direction and authorization are not inferred from similarity alone.
X044,W044,repackeval,linked full text or selected substantive source passages; exact cover-to-cover completeness is not claimed,https://doi.org/10.1007/978-3-642-38908-5_13,2026-09-15,"APK code, graph, resource, UI, behavior, pair, or benchmark","The framework defines transformation-aware evaluation dimensions and datasets for repackaging detectors, showing why incomparable pair construction and metrics distort results.","renaming, code/resource rewriting, library reuse, packing, or market variation as addressed by the source","the source study's labeled pairs, market metadata, transformations, or behavioral labels",L2 resemblance unless the source supplies additional direction or behavior evidence,"shared libraries, a common predecessor, a template, a legitimate variant, or independent implementation can preserve similarity without direct derivation",source-reported empirical/system evidence,full_or_selected_source,source_grounded_coding; single_extractor; traceability_repair_2026_09_15_not_independent,No cross-study accuracy ranking; direction and authorization are not inferred from similarity alone.
X045,W045,androzoo,linked full text or selected substantive source passages; exact cover-to-cover completeness is not claimed,https://doi.org/10.1145/2901739.2903508,2026-09-13,"APK code, graph, resource, UI, behavior, pair, or benchmark",AndroZoo supplies a large Android artifact corpus and metadata for research evaluation.,"renaming, code/resource rewriting, library reuse, packing, or market variation as addressed by the source","the source study's labeled pairs, market metadata, transformations, or behavioral labels",dataset and evaluation substrate,"shared libraries, a common predecessor, a template, a legitimate variant, or independent implementation can preserve similarity without direct derivation",source-reported empirical/system evidence,full_or_selected_source,source_grounded_coding; single_extractor,Corpus availability does not validate any lineage label or detector claim.
X046,W046,droidchameleon,linked full text or selected substantive source passages; exact cover-to-cover completeness is not claimed,https://doi.org/10.1145/2484313.2484355,2026-09-15,"APK code, graph, resource, UI, behavior, pair, or benchmark",DroidChameleon applies systematic semantics-preserving transformations to malware samples to test whether Android anti-malware tools remain effective.,"renaming, code/resource rewriting, library reuse, packing, or market variation as addressed by the source","the source study's labeled pairs, market metadata, transformations, or behavioral labels",L2 resemblance unless the source supplies additional direction or behavior evidence,"shared libraries, a common predecessor, a template, a legitimate variant, or independent implementation can preserve similarity without direct derivation",source-reported empirical/system evidence,full_or_selected_source,source_grounded_coding; single_extractor; traceability_repair_2026_09_15_not_independent,No cross-study accuracy ranking; direction and authorization are not inferred from similarity alone.
X047,W047,drebin,"publisher or author abstract, bibliographic record, and any selected accessible passage; no full-text completeness claim",https://www.ndss-symposium.org/ndss2014/ndss-2014-programme/drebin-effective-and-explainable-detection-android-malware-your-pocket/,2026-09-15,"APK code, graph, resource, UI, behavior, pair, or benchmark",DREBIN reports explainable Android malware discrimination from static features.,"renaming, code/resource rewriting, library reuse, packing, or market variation as addressed by the source","the source study's labeled pairs, market metadata, transformations, or behavioral labels",L6 classifier evidence under its dataset and feature model,"shared libraries, a common predecessor, a template, a legitimate variant, or independent implementation can preserve similarity without direct derivation",source-reported empirical/system evidence,publisher_abstract_or_selected_source,source_grounded_coding; single_extractor; traceability_repair_2026_09_15_not_independent,A malware label is not a repackaging direction or supply-chain provenance claim.
X048,W048,mamadroid,"abstract and introduction; system Sections 2.3-2.4; evaluation and conclusion (selected PDF pp. 1, 6, and 30)",https://arxiv.org/abs/1711.07477,2026-09-15,"APK code, graph, resource, UI, behavior, pair, or benchmark",MaMaDroid models API-call behavior abstractions for Android malware detection.,"renaming, code/resource rewriting, library reuse, packing, or market variation as addressed by the source","the source study's labeled pairs, market metadata, transformations, or behavioral labels",L6 classifier evidence under its dataset and abstraction,"shared libraries, a common predecessor, a template, a legitimate variant, or independent implementation can preserve similarity without direct derivation",source-reported empirical/system evidence,full_or_selected_source,source_grounded_coding; single_extractor; traceability_repair_2026_09_15_not_independent,Behavioral similarity does not establish source copying or release authorization.
"X049","W049","flowdroid","FlowDroid author PDF, Sections 5 and 6 (pp. 6-7); https://jacquesklein2302.github.io/papers/2014-PLDI-flowdroid.pdf","https://doi.org/10.1145/2594291.2594299","2026-10-09","APK DEX, manifest, layouts, callbacks and source-to-sink taint paths","Lifecycle-aware synthetic entry points and context-, flow-, field- and object-sensitive IFDS analysis compute possible source-to-sink paths.","Lifecycle, callback and alias modeling; the cited evaluation does not establish general obfuscation resistance","DroidBench handcrafted Android cases and known-leak examples; configured source/sink policy","L6 model-conditional static taint evidence","A static path can be infeasible at runtime; equal flows do not imply derivation","source-reported empirical/system evidence","full_or_selected_source","targeted_source_check; single_extractor","Native calls, dynamic loading, nonconstant reflection, inter-component flows and concurrency limit coverage; taint results do not establish ancestry or runtime exploitability."
X050,W050,commonlibraries,"publisher or author abstract, bibliographic record, and any selected accessible passage; no full-text completeness claim",https://doi.org/10.1109/SANER.2016.52,2026-09-15,"library region, family, version, update, or vulnerability link",The empirical study identifies prevalent library code in Android apps and shows that library reuse can inflate app similarity and bias downstream analysis.,"shrinking, obfuscation, partial inclusion, repackaging, forks, or version drift as addressed by the source","the source library database, version corpus, app sample, vulnerability record, or update study","L1 composition, with L2/L6 only where separately observed","a fork, shaded copy, vendor patch, dead code, database gap, or unreachable component can preserve a match while falsifying stronger claims",source-reported empirical/system evidence,publisher_abstract_or_selected_source,source_grounded_coding; single_extractor; traceability_repair_2026_09_15_not_independent,"Family, version, reachability, ancestry, and exploitability remain separate propositions."
X051,W051,libd,linked full text or selected substantive source passages; exact cover-to-cover completeness is not claimed,https://doi.org/10.1109/ICSE.2017.38,2026-09-15,"library region, family, version, update, or vulnerability link",LibD uses internal code dependencies and feature hashing to identify multi-package libraries while tolerating name-based obfuscation at large scale.,"shrinking, obfuscation, partial inclusion, repackaging, forks, or version drift as addressed by the source","the source library database, version corpus, app sample, vulnerability record, or update study","L1 composition, with L2/L6 only where separately observed","a fork, shaded copy, vendor patch, dead code, database gap, or unreachable component can preserve a match while falsifying stronger claims",source-reported empirical/system evidence,full_or_selected_source,source_grounded_coding; single_extractor; traceability_repair_2026_09_15_not_independent,"Family, version, reachability, ancestry, and exploitability remain separate propositions."
X052,W052,libradar,linked full text or selected substantive source passages; exact cover-to-cover completeness is not claimed,https://doi.org/10.1145/2889160.2889178,2026-09-15,"library region, family, version, update, or vulnerability link",LibRadar clusters code across a large app corpus and represents candidate libraries with stable API-frequency features for fast in-app detection.,"shrinking, obfuscation, partial inclusion, repackaging, forks, or version drift as addressed by the source","the source library database, version corpus, app sample, vulnerability record, or update study","L1 composition, with L2/L6 only where separately observed","a fork, shaded copy, vendor patch, dead code, database gap, or unreachable component can preserve a match while falsifying stronger claims",source-reported empirical/system evidence,full_or_selected_source,source_grounded_coding; single_extractor; traceability_repair_2026_09_15_not_independent,"Family, version, reachability, ancestry, and exploitability remain separate propositions."
"X053","W053","libscout","LibScout author PDF, Sections 3-4; https://trust.cispa.saarland/publication/derr-16-ccs/derr-16-ccs.pdf","https://doi.org/10.1145/2976749.2978333","2026-10-09","Class-hierarchy and method profiles of reference SDK libraries and APK code","Profiles generated from original SDKs support exact or partial matches against a versioned reference database.","Identifier renaming, API hiding and control-flow changes; shrinking may leave only partial profiles","Original SDK/version profiles, library database and evaluated APK sample","L1 database-relative library family/version evidence","A missing database version or modified/shrunken copy can leave a partial profile rather than a unique exact version","source-reported empirical/system evidence","full_or_selected_source","targeted_source_check; single_extractor","Encrypted, virtualized or dynamically loaded classes fall outside the analyzed representation; a match alone establishes neither executable vulnerability reachability nor application ancestry."
X054,W054,libid,linked full text or selected substantive source passages; exact cover-to-cover completeness is not claimed,https://doi.org/10.1145/3293882.3330563,2026-09-15,"library region, family, version, update, or vulnerability link",LibID identifies obfuscated Android libraries with structural and basic-block features designed to survive identifier changes and selected code transformations.,"shrinking, obfuscation, partial inclusion, repackaging, forks, or version drift as addressed by the source","the source library database, version corpus, app sample, vulnerability record, or update study","L1 composition, with L2/L6 only where separately observed","a fork, shaded copy, vendor patch, dead code, database gap, or unreachable component can preserve a match while falsifying stronger claims",source-reported empirical/system evidence,full_or_selected_source,source_grounded_coding; single_extractor; traceability_repair_2026_09_15_not_independent,"Family, version, reachability, ancestry, and exploitability remain separate propositions."
X055,W055,orlis,linked full text or selected substantive source passages; exact cover-to-cover completeness is not claimed,https://doi.org/10.1145/3197231.3197248,2026-09-15,"library region, family, version, update, or vulnerability link",ORLIS detects library boundaries and identities using obfuscation-resilient structural evidence rather than package names alone.,"shrinking, obfuscation, partial inclusion, repackaging, forks, or version drift as addressed by the source","the source library database, version corpus, app sample, vulnerability record, or update study","L1 composition, with L2/L6 only where separately observed","a fork, shaded copy, vendor patch, dead code, database gap, or unreachable component can preserve a match while falsifying stronger claims",source-reported empirical/system evidence,full_or_selected_source,source_grounded_coding; single_extractor; traceability_repair_2026_09_15_not_independent,"Family, version, reachability, ancestry, and exploitability remain separate propositions."
"X056","W056","atvhunter","ATVHunter author PDF, Section V-D (p. 9) and Section VI (p. 11); https://lingling-fan.github.io/llfan_files/ICSE2021_ATVHunter.pdf","https://doi.org/10.1109/ICSE43902.2021.00150","2026-10-09","Class-dependency library regions, control-flow graphs and per-block opcode sequences","Coarse CFG and fine opcode-sequence matching identify candidate library versions, then join them to vulnerability records.","DashO renaming, control-flow randomization, package flattening and dead-code removal; the latter reduces recall","Versioned Maven reference libraries and vulnerability records; transformation tests on labeled APKs","L1 version match and database-linked vulnerability evidence","Identical Java code across versions can be ambiguous; an omitted native or dynamically loaded region can escape matching","source-reported empirical/system evidence","full_or_selected_source","targeted_source_check; single_extractor","Native code, dynamic loading, reflection, database coverage and thresholds limit detection; a vulnerable-version link does not prove reachability or exploitability."
X057,W057,tplready,linked full text or selected substantive source passages; exact cover-to-cover completeness is not claimed,https://doi.org/10.1145/3324884.3416582,2026-09-15,"library region, family, version, update, or vulnerability link","The benchmark study compares Android third-party-library detectors under shared datasets and transformation conditions, exposing task-definition and ground-truth differences.","shrinking, obfuscation, partial inclusion, repackaging, forks, or version drift as addressed by the source","the source library database, version corpus, app sample, vulnerability record, or update study","L1 composition, with L2/L6 only where separately observed","a fork, shaded copy, vendor patch, dead code, database gap, or unreachable component can preserve a match while falsifying stronger claims",source-reported empirical/system evidence,full_or_selected_source,source_grounded_coding; single_extractor; traceability_repair_2026_09_15_not_independent,"Family, version, reachability, ancestry, and exploitability remain separate propositions."
X058,W058,libdx,"publisher or author abstract, bibliographic record, and any selected accessible passage; no full-text completeness claim",https://doi.org/10.1109/SANER48275.2020.9054845,2026-09-15,"library region, family, version, update, or vulnerability link",LibDX performs cross-platform binary-library detection using function-level features and matching intended to tolerate compiler and platform variation.,"shrinking, obfuscation, partial inclusion, repackaging, forks, or version drift as addressed by the source","the source library database, version corpus, app sample, vulnerability record, or update study","L1 composition, with L2/L6 only where separately observed","a fork, shaded copy, vendor patch, dead code, database gap, or unreachable component can preserve a match while falsifying stronger claims",source-reported empirical/system evidence,publisher_abstract_or_selected_source,source_grounded_coding; single_extractor; traceability_repair_2026_09_15_not_independent,"Family, version, reachability, ancestry, and exploitability remain separate propositions."
X059,W059,libroad,"publisher or author abstract, bibliographic record, and any selected accessible passage; no full-text completeness claim",https://doi.org/10.1109/TMC.2020.3003336,2026-09-15,"library region, family, version, update, or vulnerability link",LibRoad indexes library signatures for rapid online detection in Android apps and evaluates large-scale family identification.,"shrinking, obfuscation, partial inclusion, repackaging, forks, or version drift as addressed by the source","the source library database, version corpus, app sample, vulnerability record, or update study","L1 composition, with L2/L6 only where separately observed","a fork, shaded copy, vendor patch, dead code, database gap, or unreachable component can preserve a match while falsifying stronger claims",source-reported empirical/system evidence,publisher_abstract_or_selected_source,source_grounded_coding; single_extractor; traceability_repair_2026_09_15_not_independent,"Family, version, reachability, ancestry, and exploitability remain separate propositions."
X060,W060,osspolice,linked full text or selected substantive source passages; exact cover-to-cover completeness is not claimed,https://doi.org/10.1145/3133956.3134048,2026-09-15,"library region, family, version, update, or vulnerability link",OSSPolice matches binary code to open-source components and version or license metadata to surface license violations and known one-day risks.,"shrinking, obfuscation, partial inclusion, repackaging, forks, or version drift as addressed by the source","the source library database, version corpus, app sample, vulnerability record, or update study","L1 composition, with L2/L6 only where separately observed","a fork, shaded copy, vendor patch, dead code, database gap, or unreachable component can preserve a match while falsifying stronger claims",source-reported empirical/system evidence,full_or_selected_source,source_grounded_coding; single_extractor; traceability_repair_2026_09_15_not_independent,"Family, version, reachability, ancestry, and exploitability remain separate propositions."
X061,W061,keepupdated,linked full text or selected substantive source passages; exact cover-to-cover completeness is not claimed,https://doi.org/10.1145/3133956.3134059,2026-09-15,"library region, family, version, update, or vulnerability link",The empirical study measures whether bundled Android libraries can be updated independently and how app-library coupling blocks timely updates.,"shrinking, obfuscation, partial inclusion, repackaging, forks, or version drift as addressed by the source","the source library database, version corpus, app sample, vulnerability record, or update study","L1 composition, with L2/L6 only where separately observed","a fork, shaded copy, vendor patch, dead code, database gap, or unreachable component can preserve a match while falsifying stronger claims",source-reported empirical/system evidence,full_or_selected_source,source_grounded_coding; single_extractor; traceability_repair_2026_09_15_not_independent,"Family, version, reachability, ancestry, and exploitability remain separate propositions."
X062,W062,developersupdate,"publisher or author abstract, bibliographic record, and any selected accessible passage; no full-text completeness claim",https://doi.org/10.1145/3196321.3196341,2026-09-15,"library region, family, version, update, or vulnerability link",The study tracks mobile app releases and embedded library versions to measure whether and when developers update third-party libraries.,"shrinking, obfuscation, partial inclusion, repackaging, forks, or version drift as addressed by the source","the source library database, version corpus, app sample, vulnerability record, or update study","L1 composition, with L2/L6 only where separately observed","a fork, shaded copy, vendor patch, dead code, database gap, or unreachable component can preserve a match while falsifying stronger claims",source-reported empirical/system evidence,publisher_abstract_or_selected_source,source_grounded_coding; single_extractor; traceability_repair_2026_09_15_not_independent,"Family, version, reachability, ancestry, and exploitability remain separate propositions."
X063,W063,originsvuln,"publisher or author abstract, bibliographic record, and any selected accessible passage; no full-text completeness claim",https://doi.org/10.1109/MSR.2017.23,2026-09-15,"library region, family, version, update, or vulnerability link","The large-scale measurement attributes mobile-app vulnerabilities to app and library code sources, showing that component presence and application exposure are distinct.","shrinking, obfuscation, partial inclusion, repackaging, forks, or version drift as addressed by the source","the source library database, version corpus, app sample, vulnerability record, or update study","L1 composition, with L2/L6 only where separately observed","a fork, shaded copy, vendor patch, dead code, database gap, or unreachable component can preserve a match while falsifying stronger claims",source-reported empirical/system evidence,publisher_abstract_or_selected_source,source_grounded_coding; single_extractor; traceability_repair_2026_09_15_not_independent,"Family, version, reachability, ancestry, and exploitability remain separate propositions."
X064,W064,appcommune,"publisher or author abstract, bibliographic record, and any selected accessible passage; no full-text completeness claim",https://doi.org/10.1109/SANER.2019.8668009,2026-09-15,"library region, family, version, update, or vulnerability link","AppCommune separates bundled libraries for centralized sharing and updating and evaluates feasibility, compatibility, and storage and update effects.","shrinking, obfuscation, partial inclusion, repackaging, forks, or version drift as addressed by the source","the source library database, version corpus, app sample, vulnerability record, or update study","L1 composition, with L2/L6 only where separately observed","a fork, shaded copy, vendor patch, dead code, database gap, or unreachable component can preserve a match while falsifying stronger claims",source-reported empirical/system evidence,publisher_abstract_or_selected_source,source_grounded_coding; single_extractor; traceability_repair_2026_09_15_not_independent,"Family, version, reachability, ancestry, and exploitability remain separate propositions."
X065,W065,tplprecision,"publisher or author abstract, bibliographic record, and any selected accessible passage; no full-text completeness claim",https://doi.org/10.1109/SANER.2018.8330204,2026-09-15,"library region, family, version, update, or vulnerability link",The method detects Android libraries with structural signatures designed for high precision and recall under package changes and obfuscation.,"shrinking, obfuscation, partial inclusion, repackaging, forks, or version drift as addressed by the source","the source library database, version corpus, app sample, vulnerability record, or update study","L1 composition, with L2/L6 only where separately observed","a fork, shaded copy, vendor patch, dead code, database gap, or unreachable component can preserve a match while falsifying stronger claims",source-reported empirical/system evidence,publisher_abstract_or_selected_source,source_grounded_coding; single_extractor; traceability_repair_2026_09_15_not_independent,"Family, version, reachability, ancestry, and exploitability remain separate propositions."
X066,W066,malicioustpl,"publisher or author abstract, bibliographic record, and any selected accessible passage; no full-text completeness claim",https://doi.org/10.1145/3395351.3399346,2026-09-15,"library region, family, version, update, or vulnerability link",The empirical study identifies potentially malicious Android libraries and measures their distribution and behaviors across apps.,"shrinking, obfuscation, partial inclusion, repackaging, forks, or version drift as addressed by the source","the source library database, version corpus, app sample, vulnerability record, or update study","L1 composition, with L2/L6 only where separately observed","a fork, shaded copy, vendor patch, dead code, database gap, or unreachable component can preserve a match while falsifying stronger claims",source-reported empirical/system evidence,publisher_abstract_or_selected_source,source_grounded_coding; single_extractor; traceability_repair_2026_09_15_not_independent,"Family, version, reachability, ancestry, and exploitability remain separate propositions."
X067,W067,tuf,linked full text or selected substantive source passages; exact cover-to-cover completeness is not claimed,https://doi.org/10.1145/1866307.1866315,2026-09-13,"repository metadata, attestation, log, build, CI, or package ecosystem",TUF authenticates role-scoped repository metadata and protects update decisions under stated key-compromise assumptions.,"source/dependency/build/release steps, role changes, repository compromise, or ecosystem events addressed by the source","authenticated policy, append-only log, independent rebuild, repository record, or empirical incident corpus",L5 authorization for repository metadata under policy,an authorized or faithfully recorded process can still produce malicious or semantically unwanted behavior,source-reported empirical/system evidence,full_or_selected_source,source_grounded_coding; single_extractor,It does not establish semantic equivalence to source or benign runtime behavior.
X068,W068,intoto,linked full text or selected substantive source passages; exact cover-to-cover completeness is not claimed,https://www.usenix.org/conference/usenixsecurity19/presentation/torres-arias,2026-09-15,"repository metadata, attestation, log, build, CI, or package ecosystem","in-toto authenticates links between authorized supply-chain steps, materials, and products.","source/dependency/build/release steps, role changes, repository compromise, or ecosystem events addressed by the source","authenticated policy, append-only log, independent rebuild, repository record, or empirical incident corpus",L4 process provenance and scoped L5 authorization,an authorized or faithfully recorded process can still produce malicious or semantically unwanted behavior,source-reported empirical/system evidence,full_or_selected_source,source_grounded_coding; single_extractor; traceability_repair_2026_09_15_not_independent,A valid layout can faithfully attest a malicious or inadequate process.
X069,W069,chainiac,linked full text or selected substantive source passages; exact cover-to-cover completeness is not claimed,https://www.usenix.org/conference/usenixsecurity17/technical-sessions/presentation/nikitin,2026-09-15,"repository metadata, attestation, log, build, CI, or package ecosystem","CHAINIAC combines threshold authorization, skipchain transparency, and reproducible builds so clients can verify collectively approved software-release histories.","source/dependency/build/release steps, role changes, repository compromise, or ecosystem events addressed by the source","authenticated policy, append-only log, independent rebuild, repository record, or empirical incident corpus",L4 process provenance or L5 authorization; L6 only for a separately measured security outcome,an authorized or faithfully recorded process can still produce malicious or semantically unwanted behavior,source-reported empirical/system evidence,full_or_selected_source,source_grounded_coding; single_extractor; traceability_repair_2026_09_15_not_independent,"Authentication, transparency, and reproducibility do not by themselves establish benign behavior."
X070,W070,sigstore,linked full text or selected substantive source passages; exact cover-to-cover completeness is not claimed,https://doi.org/10.1145/3548606.3560596,2026-09-13,"repository metadata, attestation, log, build, CI, or package ecosystem",Sigstore combines identity-bound signing with transparency-oriented publication to reduce signing friction.,"source/dependency/build/release steps, role changes, repository compromise, or ecosystem events addressed by the source","authenticated policy, append-only log, independent rebuild, repository record, or empirical incident corpus",signed-artifact identity binding and authenticated publication; L5 requires release policy,an authorized or faithfully recorded process can still produce malicious or semantically unwanted behavior,source-reported empirical/system evidence,full_or_selected_source,source_grounded_coding; single_extractor,A signature and log entry do not by themselves establish input-output build provenance or release authority; a separate policy and step evidence are required.
X071,W071,diplomat,"publisher or author abstract, bibliographic record, and any selected accessible passage; no full-text completeness claim",https://www.usenix.org/conference/nsdi16/technical-sessions/presentation/kuppusamy,2026-09-15,"repository metadata, attestation, log, build, CI, or package ecosystem",Diplomat uses delegated repository roles and threshold trust to limit the consequences of compromised repository keys or services.,"source/dependency/build/release steps, role changes, repository compromise, or ecosystem events addressed by the source","authenticated policy, append-only log, independent rebuild, repository record, or empirical incident corpus",L4 process provenance or L5 authorization; L6 only for a separately measured security outcome,an authorized or faithfully recorded process can still produce malicious or semantically unwanted behavior,source-reported empirical/system evidence,publisher_abstract_or_selected_source,source_grounded_coding; single_extractor; traceability_repair_2026_09_15_not_independent,"Authentication, transparency, and reproducibility do not by themselves establish benign behavior."
X072,W072,reprobuilds,linked full text or selected substantive source passages; exact cover-to-cover completeness is not claimed,https://doi.org/10.1109/MS.2021.3073045,2026-09-13,"repository metadata, attestation, log, build, CI, or package ecosystem",Reproducible-build practice checks whether independent executions converge on the same artifact.,"source/dependency/build/release steps, role changes, repository compromise, or ecosystem events addressed by the source","authenticated policy, append-only log, independent rebuild, repository record, or empirical incident corpus",L0 output identity under controlled inputs,an authorized or faithfully recorded process can still produce malicious or semantically unwanted behavior,source-reported empirical/system evidence,full_or_selected_source,source_grounded_coding; single_extractor,Convergence does not establish input authorization or benign semantics.
X073,W073,reprocontainers,"publisher or author abstract, bibliographic record, and any selected accessible passage; no full-text completeness claim",https://doi.org/10.1145/3373376.3378519,2026-09-15,controlled build/execution inputs and reproduced output bytes,Reproducible Containers presents DetTrace: a Linux user-space execution abstraction whose outputs are a pure function of the initial filesystem state within its supported execution model.,system-call and instruction nondeterminism constrained within the supported Linux execution model,repeatability of contained executions and reproduced build/workflow outputs,L0 output identity and model-scoped functional reproducibility; no release authorization,an authorized or faithfully recorded process can still produce malicious or semantically unwanted behavior,source-reported empirical/system evidence,publisher_abstract_or_selected_source,source_grounded_coding; single_extractor; traceability_repair_2026_09_15_not_independent,"Authentication, transparency, and reproducibility do not by themselves establish benign behavior."
X074,W074,githubci,linked full text or selected substantive source passages; exact cover-to-cover completeness is not claimed,https://www.usenix.org/conference/usenixsecurity22/presentation/koishybayev,2026-09-15,"repository metadata, attestation, log, build, CI, or package ecosystem",The study empirically characterizes security-relevant properties of GitHub CI workflows.,"source/dependency/build/release steps, role changes, repository compromise, or ecosystem events addressed by the source","authenticated policy, append-only log, independent rebuild, repository record, or empirical incident corpus",L6 ecosystem/workflow risk evidence,an authorized or faithfully recorded process can still produce malicious or semantically unwanted behavior,source-reported empirical/system evidence,full_or_selected_source,source_grounded_coding; single_extractor; traceability_repair_2026_09_15_not_independent,Observed workflow weakness does not reconstruct an individual Android build history.
X075,W075,packagemanagers,"publisher or author abstract, bibliographic record, and any selected accessible passage; no full-text completeness claim",https://doi.org/10.1145/1455770.1455841,2026-09-15,"repository metadata, attestation, log, build, CI, or package ecosystem",The study analyzes attacks against package-manager trust and update behavior.,"source/dependency/build/release steps, role changes, repository compromise, or ecosystem events addressed by the source","authenticated policy, append-only log, independent rebuild, repository record, or empirical incident corpus",L6 threat evidence and design requirements,an authorized or faithfully recorded process can still produce malicious or semantically unwanted behavior,source-reported empirical/system evidence,publisher_abstract_or_selected_source,source_grounded_coding; single_extractor; traceability_repair_2026_09_15_not_independent,A class of package-manager attacks is not evidence that a specific mobile dependency was compromised.
X076,W076,duanpackages,linked full text or selected substantive source passages; exact cover-to-cover completeness is not claimed,https://doi.org/10.14722/ndss.2021.23055,2026-09-13,"repository metadata, attestation, log, build, CI, or package ecosystem",The study measures registry abuse and malicious packages across interpreted-language package managers.,"source/dependency/build/release steps, role changes, repository compromise, or ecosystem events addressed by the source","authenticated policy, append-only log, independent rebuild, repository record, or empirical incident corpus",L6 ecosystem security evidence,an authorized or faithfully recorded process can still produce malicious or semantically unwanted behavior,source-reported empirical/system evidence,full_or_selected_source,source_grounded_coding; single_extractor,Registry findings do not transfer directly to Android artifacts without dependency and build bindings.
X077,W077,backstabber,"publisher or author abstract, bibliographic record, and any selected accessible passage; no full-text completeness claim",https://doi.org/10.1007/978-3-030-52683-2_2,2026-09-15,collected malicious packages and documented incident mechanisms,"The study manually collects 174 malicious packages from npm, PyPI, and RubyGems and organizes code-injection and execution techniques with two attack trees.","source/dependency/build/release steps, role changes, repository compromise, or ecosystem events addressed by the source","authenticated policy, append-only log, independent rebuild, repository record, or empirical incident corpus",model-scoped incident observations; no authenticated production history or authorization,an authorized or faithfully recorded process can still produce malicious or semantically unwanted behavior,source-reported empirical/system evidence,publisher_abstract_or_selected_source,source_grounded_coding; single_extractor; traceability_repair_2026_09_15_not_independent,"Authentication, transparency, and reproducibility do not by themselves establish benign behavior."
X078,W078,npmworld,linked full text or selected substantive source passages; exact cover-to-cover completeness is not claimed,https://www.usenix.org/conference/usenixsecurity19/presentation/zimmermann,2026-09-15,package dependency graph; maintainer metadata; reported security issues,The empirical study models npm dependencies and maintainers to measure ecosystem risks created by highly connected transitive dependencies and concentrated maintenance.,"source/dependency/build/release steps, role changes, repository compromise, or ecosystem events addressed by the source","authenticated policy, append-only log, independent rebuild, repository record, or empirical incident corpus",L1 dependency composition and scoped L6 ecosystem-risk observations; no artifact authorization,an authorized or faithfully recorded process can still produce malicious or semantically unwanted behavior,source-reported empirical/system evidence,full_or_selected_source,source_grounded_coding; single_extractor; traceability_repair_2026_09_15_not_independent,"Authentication, transparency, and reproducibility do not by themselves establish benign behavior."
X079,W079,weaklinks,"publisher or author abstract, bibliographic record, and any selected accessible passage; no full-text completeness claim",https://doi.org/10.1145/3510457.3513044,2026-09-15,package metadata; weak-link indicators; developer survey responses,"The study analyzes metadata for 1.63 million npm packages, proposes six weak-link signals, and gathers feedback from 470 package developers.","source/dependency/build/release steps, role changes, repository compromise, or ecosystem events addressed by the source","authenticated policy, append-only log, independent rebuild, repository record, or empirical incident corpus",L1 package metadata and scoped L6 risk indicators; no artifact authorization,an authorized or faithfully recorded process can still produce malicious or semantically unwanted behavior,source-reported empirical/system evidence,publisher_abstract_or_selected_source,source_grounded_coding; single_extractor; traceability_repair_2026_09_15_not_independent,"Authentication, transparency, and reproducibility do not by themselves establish benign behavior."
X080,W080,legitimate,"publisher or author abstract, bibliographic record, and any selected accessible passage; no full-text completeness claim",https://doi.org/10.1145/3196494.3196523,2026-09-15,"repository metadata, attestation, log, build, CI, or package ecosystem",Le-git-imate adds cryptographic evidence for repository updates so clients can detect omission or tampering by a compromised web-based Git service.,"source/dependency/build/release steps, role changes, repository compromise, or ecosystem events addressed by the source","authenticated policy, append-only log, independent rebuild, repository record, or empirical incident corpus",L4 process provenance or L5 authorization; L6 only for a separately measured security outcome,an authorized or faithfully recorded process can still produce malicious or semantically unwanted behavior,source-reported empirical/system evidence,publisher_abstract_or_selected_source,source_grounded_coding; single_extractor; traceability_repair_2026_09_15_not_independent,"Authentication, transparency, and reproducibility do not by themselves establish benign behavior."
X081,W081,contour,"publisher or author abstract, bibliographic record, and any selected accessible passage; no full-text completeness claim",https://link.springer.com/chapter/10.1007/978-3-030-00305-0_8,2026-09-16,"repository metadata, attestation, log, build, CI, or package ecosystem",Contour records binary-release commitments in an append-only transparency system so clients and auditors can detect equivocation or hidden targeted releases.,"source/dependency/build/release steps, role changes, repository compromise, or ecosystem events addressed by the source","authenticated policy, append-only log, independent rebuild, repository record, or empirical incident corpus",authenticated binary publication; no L4 build trace; L5 requires release policy,an authorized or faithfully recorded process can still produce malicious or semantically unwanted behavior,source-reported empirical/system evidence,publisher_abstract_or_selected_source,source_grounded_coding; single_extractor; publication_version_recheck_2026_09_16_not_independent,Publication commitments do not establish the build inputs or release policy; behavior depends on separate out-of-band monitor analysis.
X082,W082,text2app,linked full text or selected substantive source passages; exact cover-to-cover completeness is not claimed,https://arxiv.org/abs/2104.08301,2026-09-16,"generated code, interaction, dependency, prompt, or security outcome",Text2App demonstrates a text-to-intermediate-representation-to-Android-source construction pipeline.,"nondeterministic generation, prompt/context variation, iterative tool use, dependency suggestion, or human acceptance","task outcome, compilation/test result, security review, participant study, package resolution, or privacy test reported by the source",feasibility of an AI-mediated Android creation transformation,"sibling generations, changed retrieval/tool context, human edits, or independently accepted outputs can share behavior without direct copying",source-reported empirical/system evidence,full_or_selected_source,source_grounded_coding; single_extractor; publication_version_recheck_2026_09_16_not_independent,Compilation or task success does not authenticate ancestry or release authority.
X083,W083,appforge,arXiv v1 full text: benchmark design and tasks in sections 3.1-3.3 and compilation-feedback evaluation in section 4.3; not cover-to-cover verification,https://arxiv.org/abs/2510.07740,2026-10-06,"generated code, interaction, dependency, prompt, or security outcome","AppForge is an Android development benchmark that evaluates generated projects and coding agents, including compilation-feedback refinement.","nondeterministic generation, prompt/context variation, iterative tool use, dependency suggestion, or human acceptance","task outcome, compilation/test result, security review, participant study, package resolution, or privacy test reported by the source",AI-mediated multi-step artifact creation context,"sibling generations, changed retrieval/tool context, human edits, or independently accepted outputs can share behavior without direct copying",source-reported empirical/system evidence,full_or_selected_source,source_grounded_coding; single_extractor,"The benchmark evaluates task outcomes, not authenticated lineage; accepted edits and downstream APK digests need separate binding."
X084,W084,pearce,linked full text or selected substantive source passages; exact cover-to-cover completeness is not claimed,https://doi.org/10.1109/SP46214.2022.9833571,2026-09-15,"generated code, interaction, dependency, prompt, or security outcome",The study evaluates security characteristics of code suggestions produced by a code assistant.,"nondeterministic generation, prompt/context variation, iterative tool use, dependency suggestion, or human acceptance","task outcome, compilation/test result, security review, participant study, package resolution, or privacy test reported by the source",L6 task-specific generated-code security evidence,"sibling generations, changed retrieval/tool context, human edits, or independently accepted outputs can share behavior without direct copying",source-reported empirical/system evidence,full_or_selected_source,source_grounded_coding; single_extractor; traceability_repair_2026_09_15_not_independent,Reported tasks do not establish provenance completeness or mobile-wide behavior.
X085,W085,perry,linked full text or selected substantive source passages; exact cover-to-cover completeness is not claimed,https://doi.org/10.1145/3576915.3623157,2026-09-13,"generated code, interaction, dependency, prompt, or security outcome",The user study compares security outcomes when participants use an AI code assistant.,"nondeterministic generation, prompt/context variation, iterative tool use, dependency suggestion, or human acceptance","task outcome, compilation/test result, security review, participant study, package resolution, or privacy test reported by the source",L6 task-specific behavioral/security evidence,"sibling generations, changed retrieval/tool context, human edits, or independently accepted outputs can share behavior without direct copying",source-reported empirical/system evidence,full_or_selected_source,source_grounded_coding; single_extractor,The participant/task result is not an Android lineage or universal assistant-safety claim.
X086,W086,sandoval,linked full text or selected substantive source passages; exact cover-to-cover completeness is not claimed,https://www.usenix.org/conference/usenixsecurity23/presentation/sandoval,2026-09-15,"generated code, interaction, dependency, prompt, or security outcome","The user study compares programmers using a large-language-model code assistant with controls on C security tasks, separating task completion from security outcomes and user perceptions.","nondeterministic generation, prompt/context variation, iterative tool use, dependency suggestion, or human acceptance","task outcome, compilation/test result, security review, participant study, package resolution, or privacy test reported by the source",AI-mediated transformation or behavior evidence; not artifact ancestry by itself,"sibling generations, changed retrieval/tool context, human edits, or independently accepted outputs can share behavior without direct copying",source-reported empirical/system evidence,full_or_selected_source,source_grounded_coding; single_extractor; traceability_repair_2026_09_15_not_independent,"No mobile-wide prevalence, provenance completeness, or universal model behavior is inferred."
X087,W087,spracklen,linked full text or selected substantive source passages; exact cover-to-cover completeness is not claimed,https://www.usenix.org/conference/usenixsecurity25/presentation/spracklen,2026-09-15,"generated code, interaction, dependency, prompt, or security outcome",The study measures package hallucinations in code-generating language models.,"nondeterministic generation, prompt/context variation, iterative tool use, dependency suggestion, or human acceptance","task outcome, compilation/test result, security review, participant study, package resolution, or privacy test reported by the source",dependency-recommendation risk evidence,"sibling generations, changed retrieval/tool context, human edits, or independently accepted outputs can share behavior without direct copying",source-reported empirical/system evidence,full_or_selected_source,source_grounded_coding; single_extractor; traceability_repair_2026_09_15_not_independent,A suggested package name is neither a resolved component nor proof of packaged reachability.
X088,W088,khoury,"publisher or author abstract, bibliographic record, and any selected accessible passage; no full-text completeness claim",https://ieeexplore.ieee.org/document/10394237,2026-09-16,"generated code, interaction, dependency, prompt, or security outcome","The study prompts ChatGPT with security-relevant programming tasks, analyzes generated code for vulnerabilities, and tests whether follow-up prompts repair identified flaws.","nondeterministic generation, prompt/context variation, iterative tool use, dependency suggestion, or human acceptance","task outcome, compilation/test result, security review, participant study, package resolution, or privacy test reported by the source",AI-mediated transformation or behavior evidence; not artifact ancestry by itself,"sibling generations, changed retrieval/tool context, human edits, or independently accepted outputs can share behavior without direct copying",source-reported empirical/system evidence,publisher_abstract_or_selected_source,source_grounded_coding; single_extractor; publication_version_recheck_2026_09_16_not_independent,"No mobile-wide prevalence, provenance completeness, or universal model behavior is inferred."
X089,W089,codexleaks,"official USENIX abstract and selected full-paper passages describing the extraction pipeline, membership-inference filter, and reported privacy outcomes",https://www.usenix.org/conference/usenixsecurity23/presentation/niu,2026-09-15,"generated code, interaction, dependency, prompt, or security outcome",The study examines privacy leakage from code-generation systems in a code-assistant setting.,"nondeterministic generation, prompt/context variation, iterative tool use, dependency suggestion, or human acceptance","task outcome, compilation/test result, security review, participant study, package resolution, or privacy test reported by the source",L6 privacy-risk evidence under its test setting,"sibling generations, changed retrieval/tool context, human edits, or independently accepted outputs can share behavior without direct copying",source-reported empirical/system evidence,full_or_selected_source,source_grounded_coding; single_extractor; traceability_repair_2026_09_15_not_independent,Leakage evidence does not identify the causal ancestry of an arbitrary APK.
X090,W090,wurepack2026,"publisher or author abstract, bibliographic record, and any selected accessible passage; no full-text completeness claim",https://doi.org/10.1016/j.csa.2026.100124,2026-09-13,"review taxonomy, protocol, or cross-cutting framework",The 2026 survey is the strongest direct recent adversary: it updates Android repackaging-detection coverage and taxonomy.,varies across the reviewed corpus; no uniform transformation model is imputed,the review or methodological inclusion/evaluation rules reported by the source,secondary synthesis of repackaging detection through the survey period,a reviewed mechanism may support a narrower proposition than the review category suggests,secondary-synthesis,publisher_abstract_or_selected_source,source_grounded_coding; single_extractor,It prevents positioning this paper as merely a newer repackaging survey; it does not by itself supply the present cross-layer claim-binding code.
X091,W091,zengtpsurvey2024,linked full text or selected substantive source passages; exact cover-to-cover completeness is not claimed,https://arxiv.org/abs/2404.17955,2026-09-13,"review taxonomy, protocol, or cross-cutting framework","The survey synthesizes application-software TPL security work across usage, risk, detection, and hardening.",varies across the reviewed corpus; no uniform transformation model is imputed,the review or methodological inclusion/evaluation rules reported by the source,secondary synthesis of TPL security research,a reviewed mechanism may support a narrower proposition than the review category suggests,secondary-synthesis,full_or_selected_source,source_grounded_coding; single_extractor,Its scope is broader than Android but does not provide a uniform mobile lineage claim ladder.
X092,W092,reichert2024,"publisher or author abstract, bibliographic record, and any selected accessible passage; no full-text completeness claim",https://doi.org/10.1080/1206212X.2024.2390978,2026-09-13,"review taxonomy, protocol, or cross-cutting framework",The systematic review structures software-supply-chain security literature and its themes.,varies across the reviewed corpus; no uniform transformation model is imputed,the review or methodological inclusion/evaluation rules reported by the source,secondary synthesis of supply-chain security,a reviewed mechanism may support a narrower proposition than the review category suggests,secondary-synthesis,publisher_abstract_or_selected_source,source_grounded_coding; single_extractor,It is not evidence that a particular Android artifact descends from another artifact.
X093,W093,williams2025,abstract; attack-vector and research-direction synthesis; dependency-reachability limitation; selected conclusion passages in author PDF,https://dwermke.com/pdf/journal-tosem-williams25.pdf,2026-09-15,"review taxonomy, protocol, or cross-cutting framework",The study identifies research directions across software-supply-chain security using a broad multi-author synthesis.,varies across the reviewed corpus; no uniform transformation model is imputed,the review or methodological inclusion/evaluation rules reported by the source,research-direction synthesis,a reviewed mechanism may support a narrower proposition than the review category suggests,secondary-synthesis,full_or_selected_source,source_grounded_coding; single_extractor; traceability_repair_2026_09_15_not_independent,"Research priorities do not authenticate any individual build, release, or APK."
X094,W094,cyberrisk2026,"publisher full text: abstract, review method, threat/treatment synthesis, and conclusion; no cover-to-cover coding claim",https://link.springer.com/article/10.1007/s10207-025-01207-9,2026-09-16,"review taxonomy, protocol, or cross-cutting framework","Latsiou and Lambrinoudakis synthesize cyber-supply-chain threats, risk-management stages, and treatment options from a bounded literature set, providing a broad organizational risk view rather than an Android artifact-lineage method.","organizational and technical cyber-supply-chain risk pathways across suppliers, assets, dependencies, and controls",the source's stated literature-selection method and risk-management framing,secondary synthesis of cyber-supply-chain risk and treatment,"a broad cyber-supply-chain control category may omit mobile artifact ancestry, exact component versions, or digest-level provenance bindings",secondary-synthesis,full_or_selected_source,source_grounded_coding; single_extractor; replacement_for_withdrawn_record_2026_09_16,"Does not establish Android derivation, detector performance, or complete coverage of software-supply-chain research."
X095,W095,gokkaya2026,"abstract; literature-review methodology (PDF p. 5); attack, risk-assessment, and control synthesis (selected sections)",https://arxiv.org/abs/2305.14157,2026-09-15,"review taxonomy, protocol, or cross-cutting framework","The taxonomy organizes software-supply-chain attacks, mitigations, and risk-assessment strategies.",varies across the reviewed corpus; no uniform transformation model is imputed,the review or methodological inclusion/evaluation rules reported by the source,secondary taxonomy and risk synthesis,a reviewed mechanism may support a narrower proposition than the review category suggests,secondary-synthesis,full_or_selected_source,source_grounded_coding; single_extractor; traceability_repair_2026_09_15_not_independent,A threat/mitigation category is not a proof that a particular artifact history is authorized or safe.
X096,W096,bi2024sbom,"publisher record; abstract, methods/data collection, design-issue taxonomy, and discussion in author manuscript",https://dl.acm.org/doi/10.1145/3654442,2026-09-16,repository discussions and empirical SBOM design/practice evidence,"Bi et al. analyze 4,786 SBOM-related GitHub discussions from 510 projects to identify recurring design questions and solution patterns around SBOM content, generation, consumption, and maintenance.","SBOM production and use across evolving repositories, dependencies, tooling, and stakeholder workflows",coded repository discussions and the study's reported qualitative analysis procedure,empirical SBOM design/practice evidence only,"an SBOM may be incomplete, stale, tool-dependent, or disconnected from the exact packaged artifact and executed code",source-reported empirical evidence,full_or_selected_source,source_grounded_coding; single_extractor; added_2026_09_16,"Repository discussions do not prove component completeness, exact APK ancestry, authorization, reachability, or benign behavior."
X097,W097,bomsaway2024,"peer-reviewed full paper: abstract, methodology, challenge taxonomy, discussion, and limitations",https://ieeexplore.ieee.org/document/10548562,2026-09-16,stakeholder survey and interview evidence about SBOM creation and use,"Stalnaker et al. survey 138 practitioners across five stakeholder groups and interview eight respondents, reporting 12 recurring challenges in SBOM creation and use and four actionable solution directions.","SBOM creation, maintenance, exchange, interpretation, and verification across heterogeneous stakeholder settings","differentiated surveys, follow-up interviews, and the study's thematic analysis",stakeholder evidence about SBOM creation and use only,"stakeholder agreement or a well-formed SBOM can coexist with missing dependencies, stale data, divergent tool output, or an unsafe authorized release",peer-reviewed mixed-method empirical evidence,full_or_selected_source,source_grounded_coding; single_extractor; added_2026_09_16,"The study characterizes stakeholder challenges; it does not authenticate a particular APK, establish derivation, or guarantee security."
